name	pool	seq	size	%gc	tm (use 65)
scheme_1_LEFT	1	GTCTTCGGACACCAACTCGAAC	22	54.55	61.60
scheme_1_RIGHT	1	GAGACATTTTCAACATCACCAGCA	24	41.67	60.34
scheme_2_LEFT	2	GTTGTGGTCTTGTTGGCAAAGT	22	45.45	60.27
scheme_2_RIGHT	2	AGGCATGCAGGCATTTTGTACT	22	45.45	61.33
scheme_3_LEFT	1	TGGTTCATCATTTGAATACGATGGTG	26	38.46	60.62
scheme_3_RIGHT	1	TCGTCAGCAGATTCAACTTCTTCT	24	41.67	60.58
scheme_4_LEFT	2	GCAAACCAAGGTGTCGAACTTG	22	50.00	60.97
scheme_4_RIGHT	2	GCGACACCACCCATGTGTTTAA	22	50.00	61.82
scheme_5_LEFT	1	TTGAAAAAGAGGAAGTTCAAAGTCCT	26	34.62	59.78
scheme_5_RIGHT	1	ACCGCTCAAAGACGTAATAGCA	22	45.45	60.27
scheme_6_LEFT	2	AGCATGTGACAAGTGCGCAAA	21	47.62	62.05
scheme_6_RIGHT	2	CAAGAAGGGTTTGAGCACGAGA	22	50.00	60.99
scheme_7_LEFT	1	CCTCAACCTGTGGCTTTCCTAC	22	54.55	61.06
scheme_7_RIGHT	1	CTGTAGACCGAGCACAAACCAT	22	50.00	60.79
scheme_8_LEFT	2	TCACTGAATCTGTGCCTCCAAA	22	45.45	60.08
scheme_8_RIGHT	2	TGAACAGTGAAGGGAGTGAGTC	22	50.00	59.82
scheme_9_LEFT	1	AGGAAACTAGCGTATCCTGGCA	22	50.00	61.40
scheme_9_RIGHT	1	ACCAGTTTTTGCAGCCAACATG	22	45.45	60.92
scheme_10_LEFT	2	TGTCATCAGATAACGTGGTTGCA	23	43.48	60.81
scheme_10_RIGHT	2	AGACAAAAGGCCAAGCAAGACA	22	45.45	61.13
scheme_11_LEFT	1	CCAACAACCTGTCTGCACCTAA	22	50.00	60.93
scheme_11_RIGHT	1	AACAGCACCACGTCTAAGAGTG	22	50.00	60.73
scheme_12_LEFT	2	GTGGAAAAGCGCTTATGGCAG	21	52.38	60.57
scheme_12_RIGHT	2	CCCTTTTCTACTATGGCATCGCA	23	47.83	61.00
scheme_13_LEFT	1	ACAGTAGGTGCTTGCACTGAAG	22	50.00	60.99
scheme_13_RIGHT	1	CTCCTCCTACTGTACGAGCTCT	22	54.55	60.34
scheme_14_LEFT	2	TGAGACTCTTTCATATGAAGAGCAGG	26	42.31	60.85
scheme_14_RIGHT	2	CGAATCAAGAACACCTGCATTCA	23	43.48	60.06
scheme_15_LEFT	1	TCATTGGCTATCGATGCATACCC	23	47.83	60.87
scheme_15_RIGHT	1	CATCCACAGCTGCATGAGAACA	22	50.00	61.38
scheme_16_LEFT	2	AGCCTATAATACGCTGGTCCCT	22	50.00	60.68
scheme_16_RIGHT	2	TTGGCTTCAAACCTGAATCCCA	22	45.45	60.61
scheme_17_LEFT	1	TGAGCAATACATACCACCTGCA	22	45.45	59.95
scheme_17_RIGHT	1	GCACCACCATTGCAACCTTCTA	22	50.00	61.58
scheme_18_LEFT	2	TGGTACATGGTCAAATGAATGGTCT	25	40.00	60.91
scheme_18_RIGHT	2	AAGGCGCACTTGAGATATGAGA	22	45.45	59.75
scheme_19_LEFT	1	AACCTCGTAGTACAATGGAAGAAGA	25	40.00	59.91
scheme_19_RIGHT	1	AGTGCGTTATTACAACGGCACT	22	45.45	61.05
scheme_20_LEFT	2	AGGACCATACTGTGACAAAGCA	22	45.45	59.81
scheme_20_RIGHT	2	CTAATAGCGGCTGTCTGGTGAC	22	54.55	60.98
scheme_21_LEFT	1	TTTTTACCACACAGCCTGGAGG	22	50.00	60.93
scheme_21_RIGHT	1	CGGGCTGCAACATCAAACTTAC	22	50.00	60.85
scheme_22_LEFT	2	ACCAATGCAGGATAATAACACCGA	24	41.67	60.71
scheme_22_RIGHT	2	GCAAGTCTTCTATAGCAGAACGGT	24	45.83	61.00
scheme_23_LEFT	1	GCCCTTAAATTGGCATCTGTTGA	23	43.48	60.06
scheme_23_RIGHT	1	ATCTTGAACAGTCTGATTAATGTCGAT	27	33.33	59.51
scheme_24_LEFT	2	ACTCCCAGAACTATGTATCAGCCT	24	45.83	60.96
scheme_24_RIGHT	2	AGCAATGCTGAACTCTGGGTAA	22	45.45	60.14
scheme_25_LEFT	1	TTCCATGCGAAAATGATTGGCG	22	45.45	60.91
scheme_25_RIGHT	1	ACGAACCAGCTGAATTGAGGTC	22	50.00	61.05
scheme_26_LEFT	2	TTGCATGCGTTTATGGAGATCG	22	45.45	59.89
scheme_26_RIGHT	2	CGCCTGGAACTTTACCATCGAA	22	50.00	61.11
scheme_27_LEFT	1	TATTTGGGCACTGGACCTCATG	22	50.00	60.54
scheme_27_RIGHT	1	CTTCTTCTAATTCCATAACCGTTCACA	27	37.04	60.16
scheme_28_LEFT	2	CTCGTTTTCCTCCACGCTGTAT	22	50.00	60.85
scheme_28_RIGHT	2	CCAGACGTTAGCTCTTCCATTGT	23	47.83	60.87
